Workbook

Sheet 마진계산기
A1: 2. 마진율을 먼저 설정하는 방식입니다.
A2: no. | B2: 등록일 | C2: 상 품 명 (판매자상품코드) | D2: 카테고리코드 | E2: 브랜드코드 | F2: 상 품 명 | G2: 브랜드 | H2: 카테고리 | I2: 소싱처 링크 | J2: 무게 | K2: 국내 구매가(정가) | L2: 큐텐 판매가 | M2: 큐텐 배송비 (유료배송의 경우) | N2: 적용환율 | O2: 수수료(16%) | P2: 포장대행지 or 국내택배비 | Q2: 배대지 배송비 (한국->일본) | R2: 수출신고 대행비용 | S2: 마진 | T2: 부가세 환급 | U2: 최종마진 | V2: 부가세 환급후 마진률
A3: 268 | B3: 26.07.19 | C3: 268. celimax 하트 핑크 톤업 선크림 40ml | D3: 320001741 | E3: 65704 | F3: ハートピンクトーンアップUVクリーム SPF50+ PA++++ 40ml 日焼け止め 韓国コスメ | G3: celimax | H3: 선크림・로션 | I3: 바로가기 | J3: 0.75 | K3: 20000 | L3: =(K3+P3+Q3+R3-K3/11)/(1-V3-O3)/N3*100 -> 3980.529 | M3: 0 | N3: 950 | O3: 0.16 | P3: 2080 | Q3: =VLOOKUP(J3,kse요율!$A$4:$C$28,3,0) -> 6800 | R3: 165 | S3: =(L3+M3)*N3/100*(1-O3)-K3-P3-Q3-R3 -> 2719.6212 | T3: =ROUNDUP((K3+P3)*0.090909,0) -> 2008 | U3: =S3+T3 -> 4727.6212 | V3: 0.12
A4: 269 | B4: 26.07.19 | C4: 269. Sung Boon Editor 그린토마토 딥포어 클린 엔자임 파우더워시 | D4: 320001641 | E4: 113035 | F4: グリーントマト ディープポア クリーン エンザイム パウダーウォッシュ 50g / 韓国化粧品 | G4: Sung Boon Editor | H4: 세안 파우더 | I4: 바로가기 | J4: 0.75 | K4: 32000 | L4: =(K4+P4+Q4+R4-K4/11)/(1-V4-O4)/N4*100 -> 5575.4253 | M4: 0 | N4: 950 | O4: 0.16 | P4: 2080 | Q4: =VLOOKUP(J4,kse요율!$A$4:$C$28,3,0) -> 6800 | R4: 165 | S4: =(L4+M4)*N4/100*(1-O4)-K4-P4-Q4-R4 -> 3446.8939 | T4: =ROUNDUP((K4+P4)*0.090909,0) -> 3099 | U4: =S4+T4 -> 6545.8939 | V4: 0.12
A5: 270 | B5: 26.07.19 | C5: 270. GROWUS 데미지 테라피 노워시 트리트먼트 EX(Due Rose) | D5: 320001781 | E5: 109569 | F5: 【オリヤン１位】ダメージセラピーノーウォッシュトリートメントEX 250ml 2種 | G5: GROWUS | H5: 씻어내지 않는 트리트먼트 | I5: 바로가기 | J5: 1 | K5: 20800 | L5: =(K5+P5+Q5+R5-K5/11)/(1-V5-O5)/N5*100 -> 4145.3349 | M5: 0 | N5: 950 | O5: 0.16 | P5: 2080 | Q5: =VLOOKUP(J5,kse요율!$A$4:$C$28,3,0) -> 7200 | R5: 165 | S5: =(L5+M5)*N5/100*(1-O5)-K5-P5-Q5-R5 -> 2834.7727 | T5: =ROUNDUP((K5+P5)*0.090909,0) -> 2080 | U5: =S5+T5 -> 4914.7727 | V5: 0.12
A6: 271 | B6: 26.07.19 | C6: 271. 이니스프리 그린티 히알루론산 미스트 150mL | D6: 320001634 | E6: 20802 | F6: グリーンティー ヒアルロン酸 ミスト150ml1本 | G6: イニスフリー | H6: 보습 미스트 | I6: 바로가기 | J6: 0.75 | K6: 13000 | L6: =(K6+P6+Q6+R6-K6/11)/(1-V6-O6)/N6*100 -> 3050.1728 | M6: 0 | N6: 950 | O6: 0.16 | P6: 2080 | Q6: =VLOOKUP(J6,kse요율!$A$4:$C$28,3,0) -> 6800 | R6: 165 | S6: =(L6+M6)*N6/100*(1-O6)-K6-P6-Q6-R6 -> 2295.3788 | T6: =ROUNDUP((K6+P6)*0.090909,0) -> 1371 | U6: =S6+T6 -> 3666.3788 | V6: 0.12
A7: 272 | B7: 26.07.19 | C7: 272. 헤어플러스 단백질 본드 모이스트 앰플 에센스 145ml | D7: 320001778 | E7: 58304 | F7: プロテインボンド アンプル ヘアエッセンス 145ml 洗い流さないトリートメント 韓国ヘアケア | G7: ヘアプラス | H7: 헤어 오일 | I7: 바로가기 | J7: 0.75 | K7: 19900 | L7: =(K7+P7+Q7+R7-K7/11)/(1-V7-O7)/N7*100 -> 3967.2382 | M7: 0 | N7: 950 | O7: 0.16 | P7: 2080 | Q7: =VLOOKUP(J7,kse요율!$A$4:$C$28,3,0) -> 6800 | R7: 165 | S7: =(L7+M7)*N7/100*(1-O7)-K7-P7-Q7-R7 -> 2713.5606 | T7: =ROUNDUP((K7+P7)*0.090909,0) -> 1999 | U7: =S7+T7 -> 4712.5606 | V7: 0.12
A8: 273 | B8: 26.07.19 | C8: 273. 로벡틴 닥터 마스크 시카 5매입 | D8: 320001628 | E8: 66535 | F8: ドクターマスク シカ 5枚 | G8: ロベクチン | H8: 마스크 팩 | I8: 바로가기 | J8: 0.75 | K8: 20000 | L8: =(K8+P8+Q8+R8-K8/11)/(1-V8-O8)/N8*100 -> 3980.529 | M8: 0 | N8: 950 | O8: 0.16 | P8: 2080 | Q8: =VLOOKUP(J8,kse요율!$A$4:$C$28,3,0) -> 6800 | R8: 165 | S8: =(L8+M8)*N8/100*(1-O8)-K8-P8-Q8-R8 -> 2719.6212 | T8: =ROUNDUP((K8+P8)*0.090909,0) -> 2008 | U8: =S8+T8 -> 4727.6212 | V8: 0.12
A9: 274 | B9: 26.07.19 | C9: 274. KAHI 멀티밤 리필키트 (9g) 2개 | D9: 320001625 | E9: 103034 | F9: マルチバームおかわりキット 9g x 2個 | G9: KAHI | H9: 올인원 | I9: 바로가기 | J9: 0.75 | K9: 50000 | L9: =(K9+P9+Q9+R9-K9/11)/(1-V9-O9)/N9*100 -> 7967.7698 | M9: 0 | N9: 950 | O9: 0.16 | P9: 2080 | Q9: =VLOOKUP(J9,kse요율!$A$4:$C$28,3,0) -> 6800 | R9: 165 | S9: =(L9+M9)*N9/100*(1-O9)-K9-P9-Q9-R9 -> 4537.803 | T9: =ROUNDUP((K9+P9)*0.090909,0) -> 4735 | U9: =S9+T9 -> 9272.803 | V9: 0.12
A12: ※ 무게는 실제 제품 내용물 추정치를 kse요율표 구간으로 올림한 뒤 2단계 더 올리고, 최소 0.75kg을 적용한 값입니다. 실측 아님, 확인 후 수정 권장.
A13: ※ 국내구매가는 각 공식몰/무신사에 표시된 소비자가(정가) 기준입니다. 세일 종료 시 변동될 수 있습니다.

Sheet kse요율
A1: KSE 요율표(해상)
A3: 무게 | B3: 배송비(엔화) | C3: 배송비(원화)
A4: 0.1 | B4: 450 | C4: 4500
A5: 0.25 | B5: 525 | C5: 5250
A6: 0.5 | B6: 590 | C6: 5900
A7: 0.75 | B7: 680 | C7: 6800
A8: 1 | B8: 720 | C8: 7200
A9: 1.25 | B9: 760 | C9: 7600
A10: 1.5 | B10: 810 | C10: 8100
A11: 1.75 | B11: 860 | C11: 8600
A12: 2 | B12: 910 | C12: 9100
A13: 2.5 | B13: 950 | C13: 9500
A14: 3 | B14: 1020 | C14: 10200
A15: 3.5 | B15: 1110 | C15: 11100
... A28: 10 | B28: 2120 | C28: 21200
